{
  "texture_size": 1024,
  "texels_covered": 1024950,
  "photo": 19130,
  "clay": 238228,
  "blend": 764676,
  "interior_default": 2916,
  "mirror": 0,
  "inpainted_holes": 0,
  "winding": {
    "frac_ndotv_neg_on_depth_pass": 0.015418281102567707,
    "facing_sign": 1.0,
    "note": "sign measured from depth-passing exterior texels, never assumed from OBJ winding"
  },
  "grazing_rejected": 69055,
  "region_texels": {
    "face": 1002904,
    "head_neck": 0,
    "interior_a": 0,
    "teeth": 0,
    "eyeballs": 2963,
    "interior_b": 19083
  },
  "central_face": {
    "texels": 85232,
    "photo_frac": 0.9494086727989488,
    "clay_frac": 0.05059132720105125,
    "default_frac": 0.0,
    "mirror_frac": 0.0,
    "hole_frac_pre_inpaint": 0.0,
    "mean_brightness": 0.5947076785354142,
    "photo_face_brightness": 0.5792970853095857,
    "brightness_ratio": 1.0266022281427376,
    "pass": true
  },
  "sanity_pass": true,
  "expression_applied": true,
  "eyes": {
    "size": 512,
    "iris_frac": 0.16,
    "pupil_frac": 0.35,
    "full_uv_radius": 0.69,
    "iris_uv_radius": 0.1104,
    "left_from": "subject_right",
    "right_from": "subject_left",
    "iris_rgb_distance": 0.004635505962943767,
    "shared": true,
    "left": {
      "iris_rgb": [
        0.282,
        0.2947,
        0.3049
      ],
      "pupil_rgb": [
        0.0828,
        0.0783,
        0.0839
      ],
      "sclera_rgb": [
        0.6689,
        0.592,
        0.5732
      ],
      "iris_radius_px": 24.574453859574376,
      "center_px": [
        386.2066650390625,
        484.2759094238281
      ]
    },
    "right": {
      "iris_rgb": [
        0.2803,
        0.2905,
        0.3058
      ],
      "pupil_rgb": [
        0.0952,
        0.089,
        0.0878
      ],
      "sclera_rgb": [
        0.6697,
        0.5975,
        0.5771
      ],
      "iris_radius_px": 24.98255313199937,
      "center_px": [
        639.0760498046875,
        484.0179138183594
      ]
    },
    "pairing": {
      "model_xneg_feeds": "subject_right",
      "proj_px": {
        "xneg": [
          390.7,
          480.5
        ],
        "xpos": [
          633.1,
          480.6
        ]
      },
      "dist_px_xneg": {
        "subject_right": 5.8901567132254575,
        "subject_left": 248.3657597055922
      },
      "dist_px_xpos": {
        "subject_right": 246.93503726708744,
        "subject_left": 6.896745250105671
      }
    }
  }
}